08-04-2024 02:22:45 AM,
08-04-2024 03:28:43 AM,
08-04-2024 04:26:52 AM,
08-04-2024 05:29:13 AM,
08-04-2024 06:21:55 AM,
08-04-2024 07:43:19 AM,4:00 PM; 5:30 PM; 7:00 PM; 8:30 PM
08-04-2024 08:25:59 AM,4:00 PM; 5:30 PM; 7:00 PM; 8:30 PM
08-04-2024 09:29:15 AM,4:00 PM; 5:30 PM; 7:00 PM; 8:30 PM
08-04-2024 10:25:56 AM,4:00 PM; 5:30 PM; 7:00 PM; 8:30 PM
08-04-2024 11:29:32 AM,4:00 PM; 5:30 PM; 7:00 PM; 8:30 PM
08-04-2024 12:26:17 PM,4:00 PM; 5:30 PM; 7:00 PM; 8:30 PM
08-04-2024 01:30:20 PM,4:00 PM; 5:30 PM; 7:00 PM; 8:30 PM
08-04-2024 02:20:50 PM,4:00 PM; 5:30 PM; 7:00 PM; 8:30 PM
08-04-2024 03:26:09 PM,4:00 PM; 5:30 PM; 7:00 PM; 8:30 PM
08-04-2024 04:24:34 PM,4:00 PM; 5:30 PM; 7:00 PM; 8:30 PM
08-04-2024 05:28:25 PM,4:00 PM; 5:30 PM; 7:00 PM; 8:30 PM
08-05-2024 02:24:16 AM,4:00 PM; 5:30 PM; 7:00 PM; 8:30 PM
08-05-2024 03:30:57 AM,4:00 PM; 5:30 PM; 7:00 PM; 8:30 PM
08-05-2024 04:27:09 AM,4:00 PM; 5:30 PM; 7:00 PM; 8:30 PM
08-05-2024 05:31:02 AM,4:00 PM; 5:30 PM; 7:00 PM; 8:30 PM
08-05-2024 06:22:58 AM,4:00 PM; 5:30 PM; 7:00 PM; 8:30 PM
08-05-2024 07:47:23 AM,4:00 PM; 5:30 PM; 7:00 PM; 8:30 PM
08-05-2024 08:28:11 AM,4:00 PM; 5:30 PM; 7:00 PM; 8:30 PM
08-05-2024 09:28:44 AM,4:00 PM; 5:30 PM; 7:00 PM; 8:30 PM
08-05-2024 10:27:13 AM,4:00 PM; 5:30 PM; 7:00 PM; 8:30 PM
08-05-2024 11:31:59 AM,4:00 PM; 5:30 PM; 7:00 PM; 8:30 PM
08-05-2024 12:30:02 PM,4:00 PM; 5:30 PM; 7:00 PM; 8:30 PM
08-05-2024 01:32:59 PM,4:00 PM; 5:30 PM; 7:00 PM; 8:30 PM
